WKT,nama,deskripsi
"POLYGON ((106.7709339 -6.370616, 106.7506779 -6.3695925, 106.7508495 -6.3883583, 106.7503346 -6.4033705, 106.7407215 -6.4084882, 106.7376316 -6.425888, 106.7372883 -6.4415814, 106.7486179 -6.444993, 106.7547977 -6.4470398, 106.7765987 -6.4468696, 106.7842376 -6.4530954, 106.79016 -6.4565919, 106.8138493 -6.4432872, 106.8317021 -6.4453342, 106.8341052 -6.4620503, 106.8413151 -6.4644382, 106.8684377 -6.4681908, 106.879424 -6.4634149, 106.8856038 -6.4617092, 106.8976201 -6.4299819, 106.90174 -6.4142882, 106.9149578 -6.4038821, 106.9254293 -6.3781225, 106.9072332 -6.3767577, 106.8816555 -6.362086, 106.8756473 -6.3614036, 106.8720424 -6.3562854, 106.8650902 -6.3562854, 106.8601979 -6.352532, 106.8504132 -6.3375187, 106.8355648 -6.3548355, 106.8271103 -6.3544516, 106.8186558 -6.3574796, 106.8101612 -6.3625846, 106.7941133 -6.3635948, 106.8010215 -6.3390761, 106.8103327 -6.3145573, 106.7817074 -6.3149474, 106.7716205 -6.3631096, 106.7709339 -6.370616))",Kota Administrasi Depok, Jawa Barat ,
